ID, Label
2cf797ab-56af-4194-a617-c17f1e67682f, https://gizmodo.uol.com.br/author/james-whitbrook/page/3/
8d367e78-8cb1-415e-9a16-1b417fcb0e63, https://gizmodo.uol.com.br/tag/as-melhores-ofertas-do-dia/
f68b1cd2-5337-48be-a03e-1c846ab4f29b, https://gizmodo.uol.com.br/page/1/
cbd777df-27bb-4780-842f-c3d17a5a5e55, https://gizmodo.uol.com.br/astronomos-restos-cometa/
c3306410-821f-4cba-baa0-07fdaaffea47, https://gizmodo.uol.com.br/tecnologia/
4c04d13c-67ca-4bb2-b03f-7e502918a9c8, https://gizmodo.uol.com.br/author/allan-camilo
70f067ea-0c4f-4e6e-8b28-2b4d78a6c31c, https://gizmodo.uol.com.br/lancamentos-amazon-prime-video-dezembro-2020/
d97ef253-a11b-402e-b454-7b95f0cde69c, https://gizmodo.uol.com.br/author/pedro-henrique-ribeiro/
3323dbf6-04bb-408c-b8ad-550a237cb26d, https://gizmodo.uol.com.br/curiosidades/
9d4bb3b2-642c-4980-9f86-5ba7246b98d4, https://gizmodo.uol.com.br/tag/buraco-negro/
2dbcf643-3beb-4044-8f84-188859c601a1, https://gizmodo.uol.com.br/tag/phil-tippett/
5a5909c7-166c-4531-b926-61eeb0e6bc09, https://gizmodo.uol.com.br/abertura-olimpiadas-toquio-musicas-videogame/
ddde437d-9544-4f82-9b8b-9ad9edf5ba40, https://gizmodo.uol.com.br/author/isaac-schultz/page/2/
9089a8ba-e1db-4bc1-a34f-cc9c4194099e, https://gizmodo.uol.com.br/faxinaco-com-desconto-ofertas-em-produtos-de-limpeza-na-amazon/
ee8affe6-44bc-4bf7-b24e-20682b713cc2, https://gizmodo.uol.com.br/samsung-tm-roh-evento-unpacked-agosto-2021/
19a30546-c5d8-4d87-a376-e33d841fa728, https://gizmodo.uol.com.br/estudo-mostra-como-criar-antimateria-a-partir-de-lasers-e-plastico/
79777593-3ac7-4d35-9ea5-428c719b90e9, https://gizmodo.uol.com.br/author/allan-camilo/page/3/
9934c164-b697-4600-98b8-9fcce4b06043, https://gizmodo.uol.com.br/imunidade-de-rebanho-covid-19-pesquisas/
a4ee2da0-bc7f-4f4c-886a-e1adc71b35dd, https://gizmodo.uol.com.br/author/beatriz-lourenco/page/3/
a2ec25ec-1dd6-4aae-92fb-586dd79bf678, https://gizmodo.uol.com.br/promocoes-jogos-playstation-25-07-2021/
80525445-0d90-4721-a342-5fc07dd59366, https://gizmodo.uol.com.br/sem-categoria/page/2/
56bbfedc-fee6-4f34-9c6c-9261c5b5ff98, https://gizmodo.uol.com.br/perguntamos-sobre-ciencia-a-estes-5-lideres-religiosos/
81142494-6939-4f7a-826f-0c9af6fabd6e, https://gizmodo.uol.com.br/melhores-widgets-ios-14-dezembro-2020/
84bc1dcf-6708-4786-a168-996a255305fa, https://gizmodo.uol.com.br/author/giovanna-breve/
842ce135-c0cf-4ef8-85d3-c38f9e2172b2, https://gizmodo.uol.com.br/page/3/
3bc84274-8c53-4345-8b58-a86b4706592a, https://gizmodo.uol.com.br/ofertas/
02c528d7-f10e-4562-86e5-21979832c120, https://gizmodo.uol.com.br/tecnologia/redes-sociais/
5b3cb074-d883-4524-a221-981bfae7e6c7, https://gizmodo.uol.com.br/tag/variante-delta/
6fd9cbcd-1647-462e-9d87-9e6ac50f96eb, https://gizmodo.uol.com.br/author/beatriz-lourenco
c7dd10d0-a98d-476f-8b2e-fdd053aa6403, https://gizmodo.uol.com.br/ate-que-ponto-as-pessoas-vacinadas-devem-se-preocupar-com-a-variante-delta/
07fbde44-e797-4505-ad4d-2d24ebf574c0, https://gizmodo.uol.com.br/ciencia/arqueologia/
b226276d-6a56-4338-9d2a-f1074d251827, https://gizmodo.uol.com.br/tecnologia/eletronicos/
01cc58ef-3943-4311-b0f0-9e0aabc6cb08, https://gizmodo.uol.com.br/ciencia/animais/
1a1c17a0-f92a-44f3-9fec-08db8e8b3fd9, https://gizmodo.uol.com.br/tag/sao-paulo/
eef12d75-8add-4cb0-94f3-08e8717c4a9c, https://gizmodo.uol.com.br/apenas-20-empresas-sao-responsaveis-por-mais-de-50-do-plastico-descartado-globalmente/
4a62bc09-c208-4272-adbf-ba28ca15f016, https://gizmodo.uol.com.br/review-tv-8k-tcl-x915/
1e26fdc3-3a18-433c-87c5-72a1e2856a98, https://gizmodo.uol.com.br/estas-estrelas-de-neutrons-tem-montanhas-com-menos-de-1-milimetro-de-altura/
7026f22c-9827-4067-8c2d-f0b09bf04c2f, https://gizmodo.uol.com.br/amazon-prime/
b6d1fe1c-6942-4ad0-96fb-11ca38392c7c, https://gizmodo.uol.com.br/editorial/
e0304882-3c99-4871-a3e4-e2aff4bcbab0, https://gizmodo.uol.com.br/tecnologia/streaming/spotify/
0b41bc93-98f4-426f-a2e3-094988bf3e03, https://gizmodo.uol.com.br/page/5276/
165bfdea-f05c-4d7e-ab3d-3bf8beab43ce, https://gizmodo.uol.com.br/11-cursos-da-domestika-para-quem-quer-aprimorar-a-escrita/
cd1b9abe-c1f6-421b-b8ce-52db40f6a769, https://gizmodo.uol.com.br/tecnologia/google/chrome/
1ac1d31e-8220-4f48-ba72-152d68bc0e04, https://gizmodo.uol.com.br/tecnologia/eletronicos/acessorios/
dcab93a0-e883-4400-a802-5075f14c4e9a, https://gizmodo.uol.com.br/author/victoria-song/
96e8f9bb-c28e-4ca4-a2c4-e682018afea7, https://gizmodo.uol.com.br/bernardinelli-bernstein-maior-cometa-sol/
fd0af6b5-863d-448e-bd52-51945a8cb370, https://gizmodo.uol.com.br/nathalie-emmanuel-de-got-vai-estrelar-the-bride-terror-inspirado-em-dracula/
a4949b29-e7c5-4adf-bcee-183288f73dcb, https://gizmodo.uol.com.br/tag/produtos-amazon/
0fb723c6-bb13-468e-9139-0322f4f36403, https://gizmodo.uol.com.br/ciencia/natureza/
1c6aa312-8b7e-4297-8ecd-09ae93ac3879, https://gizmodo.uol.com.br/nasa-conserta-telescopio-hubble/
82c6b6ff-3d9c-4809-90f7-c2a9a61fdccc, https://gizmodo.uol.com.br/apple-music-android-audio-espacial-lossless-dolby-atmos/
72c348d3-803f-4a4b-8314-17f940bbd47e, https://gizmodo.uol.com.br/days-of-play-ofertas-de-jogos-para-ps4-e-ps5-a-partir-de-r-40/
4a974ae7-1e73-416e-b42b-95f38065e7f2, https://gizmodo.uol.com.br/critica/
7f1c52c2-dd91-495f-bb75-0da1e8f737e8, https://gizmodo.uol.com.br/em-decimo-voo-ingenuity-ja-voou-mais-de-uma-milha-em-marte/
eada94cc-3afd-4a95-b65c-e79244c049fe, https://gizmodo.uol.com.br/tecnologia/streaming/
441bafd4-9039-4c07-ae10-3d94152563a0, https://gizmodo.uol.com.br/tecnologia/review/page/3/
7d8f418d-0a8b-4cb8-a742-6015fc79a586, https://gizmodo.uol.com.br/ciencia/page/520/
56c6da1b-c3b5-4aa4-a7c8-c0d95b18546a, https://gizmodo.uol.com.br/quem-somos/
acf6aa69-1e63-4d92-a7b1-5582745b6205, https://gizmodo.uol.com.br/facebook-diminui-alcance-perfis-noticias-falsas/
c8e57e7b-c4e0-4317-9282-eb493d8ad9c5, https://gizmodo.uol.com.br/author/ingrid-oliveira
d706cf56-bfa0-4246-95a4-9763ffebad8d, https://gizmodo.uol.com.br/cachorros-no-espaco-joao-e-maria-e-robos-gigantes-chegam-as-animacoes-infantis-da-netflix/
43e3c8cd-cf23-4ad3-a626-ed6e220c92c3, https://gizmodo.uol.com.br/tag/moto-edge-20-lite/
e055cbf6-9f24-45ee-8100-cb19d902455d, https://gizmodo.uol.com.br/author/erika/
e6711b22-c2f4-4944-bd26-b708ab66be36, https://gizmodo.uol.com.br/tag/moto-edge-20/
589d2690-4e9f-4a77-b4e0-291e068e2abc, https://gizmodo.uol.com.br/sucesso-na-china-rpg-street-fighter-duel-sera-lancado-no-resto-do-mundo/
ad06b31f-58ca-4ec3-8271-1843a2220538, https://gizmodo.uol.com.br/curiosidades/cultura/page/2/
a787a807-d89c-4dc7-b93c-d310aefe901e, https://gizmodo.uol.com.br/3-jogos-em-promocao-no-xbox-live-gold-vampyr-hood-e-mafia-iii/
e4e14188-6c10-406f-a102-80526ac28ce0, https://gizmodo.uol.com.br/page/5/
b4d94c98-c223-491a-a6fe-97edf2e0fe2c, https://gizmodo.uol.com.br/aprimore-seus-conhecimentos-em-ciencia-de-dados-com-esses-cursos-da-udemy/
d2268bdc-330d-4813-a5e1-a714e66b6ecb, https://gizmodo.uol.com.br/europa-lua-jupiter-provas-existencia-vida/
e0de4631-aa79-430a-af24-792c506e32fd, https://gizmodo.uol.com.br/tag/apple/
4290d05a-7e89-4d3b-9127-bfee3fc6f1c7, https://gizmodo.uol.com.br/author/beth-elderkin/
33bbc134-2a9e-452f-b143-2015417b5617, https://gizmodo.uol.com.br/tag/as-melhores-ofertas-do-fim-de-semana/
43da3ef7-deb2-43f2-8ed7-d1a39ae85559, https://gizmodo.uol.com.br/sobre-o-gizmodo-brasil/
f19a7d06-4065-4c9a-ac42-ef66902ee52e, https://gizmodo.uol.com.br/tag/marvel/
9ba167fe-7711-405e-9176-906edd84313e, https://gizmodo.uol.com.br/qr-codes-pandemia-privacidade/
49b0348c-cb01-4a5f-a4b6-05f9099261d5, https://gizmodo.uol.com.br/o-seu-cachorro-sabe-quando-voce-esta-mentindo-dizem-cientistas/
c4783248-eedd-4ab3-a3c5-af73598bb574, https://gizmodo.uol.com.br/tag/moto-edge-20-pro/
d18e96a9-789f-4ce0-b06e-67b1c097f94c, https://gizmodo.uol.com.br/tecnologia/amazon/
bf49672d-414e-4735-9b4d-5d38b648445f, https://gizmodo.uol.com.br/apple-imac-maior-chip-m1x-2022/
79856ea9-a9cf-43eb-bc04-a1308a250033, https://gizmodo.uol.com.br/a-guerra-do-amanha-e-divertido-mas-pouco-inovador-critica-sem-spoilers/
980be3da-cb69-4a71-8322-4e4c7b57d85f, https://gizmodo.uol.com.br/author/f451/
436b544a-7a8f-4a34-a40a-a5650ec93d36, https://gizmodo.uol.com.br/lagoa-da-patagonia-fica-cor-de-rosa-apos-o-despejo-de-substancia-quimica/
968d0430-9ded-4419-94b8-f52d49dc9292, https://gizmodo.uol.com.br/author/victoria-song/page/28/
24aac1e4-ff43-4581-800f-f3c28319571e, https://gizmodo.uol.com.br/tag/patagonia/
b48a426b-efcf-4b06-b0cd-f9de66cda9df, https://gizmodo.uol.com.br/page/4/
10043aa1-d191-4d44-8c0c-17b4d97aa8a6, https://gizmodo.uol.com.br/desvantagem-conectar-com-google-facebook-twitter-apple/
d70f7215-e3a4-4116-8aac-a6f68b6a70dd, https://gizmodo.uol.com.br/author/lucas-ropek/
c6aaaba1-dee0-4ea0-9aed-00541bf1c857, https://gizmodo.uol.com.br/author/ed-cara/
e99a04e6-8621-44ec-b556-dcc0b4c44fe8, https://gizmodo.uol.com.br/ciencia/
8ca579ff-e7bd-422a-824a-c753db6d893a, https://gizmodo.uol.com.br/astronomos-observam-luz-refletida-atras-de-um-buraco-negro-pela-primeira-vez/
c2dad682-b769-4396-a0c2-658a76c6c37c, https://gizmodo.uol.com.br/the-pirate-bay-bloqueado-brasil/
49174787-875b-48f7-8eb0-deb845939f7a, https://gizmodo.uol.com.br/tudo-o-que-voce-precisa-para-comecar-seu-podcast-gastando-pouco/
7f631d77-fe60-4aaa-bb61-ae338b958a65, https://gizmodo.uol.com.br/tecnologia/dicas/page/3/
7468b8d6-de7f-491c-80a9-e7e3ca5aa0b6, https://gizmodo.uol.com.br/tag/xbox/
b3e7c39d-607e-413f-8e0f-6b20c6cde56e, https://gizmodo.uol.com.br/vacinacao-gripe-ampliada-ministerio-saude/
6ea80905-e702-44c5-adbd-3f0804a914c3, https://gizmodo.uol.com.br/tecnologia/redes-sociais/instagram/
925a89ec-8708-4c2a-bbc0-c4153c019fe1, https://gizmodo.uol.com.br/ajude-o-gizmodo-brasil-a-te-conhecer-melhor/
eca768f0-c549-4270-ace2-b3f63eb32c2a, https://gizmodo.uol.com.br/tag/hubble/
b5fdc73c-de3b-44d9-921a-2bc633749aac, https://gizmodo.uol.com.br/rebel-moon-zack-snyder-netflix/
67562cb0-e0e1-4ad7-8704-c8b9b320583a, https://gizmodo.uol.com.br/uma-estrada-do-periodo-romano-foi-encontrada-submersa-no-famoso-lago-de-veneza/
d491d396-394e-4658-b808-92e706bee935, https://gizmodo.uol.com.br/ofertas/educacao/
25682452-05f1-47df-be07-06bdd5daa90b, https://gizmodo.uol.com.br/tag/coronavirus/
75c56b81-6b4e-4b3e-aa41-45b26d94ea65, https://gizmodo.uol.com.br/author/james-whitbrook/
fcbc9097-5f87-43d4-bf04-523e82dfe99b, https://gizmodo.uol.com.br/3-jogos-em-promocao-dying-light-overcooked-2-e-titanfall-2/
414230f7-0a45-49ea-8c06-c98a2651ff5a, https://gizmodo.uol.com.br/domestika-basics-mais-de-5-cursos-pelo-preco-de-1/
f996e689-94f8-46cd-87b3-bc4ea35a3821, https://gizmodo.uol.com.br/dia-do-vestibulando-livros-que-todo-estudante-precisa-para-se-dar-bem-nas-provas/
b1efccca-0e44-40d8-beab-aa76f9f4b416, https://gizmodo.uol.com.br/espaco/page/248/
ecbefce6-1305-478a-92e4-2fcb085c9851, https://gizmodo.uol.com.br/tag/destaques
cca462ee-f958-4818-87f5-ed57d6cb5ff8, https://gizmodo.uol.com.br/dispositivos-amazon-para-tornar-sua-vida-mais-pratica/
7c7fbf69-fb4e-41c1-996e-83f1a3934ba2, https://gizmodo.uol.com.br/the-last-of-us-da-hbo-pode-ser-mais-caro-do-que-game-of-thrones/
3b1e9e3f-ae47-4249-88f4-469dc0cf7e52, https://gizmodo.uol.com.br/sobre-spicy-media/
a289cdce-44f7-4801-a2d4-23fed1948fc9, https://gizmodo.uol.com.br/tag/covid-19/
bbb95f1b-8988-4dfb-9fd2-cff684cebb61, https://gizmodo.uol.com.br/author/germain-lussier/
46cd8f72-168f-4b27-b7fc-6261bb7084c2, https://gizmodo.uol.com.br/aproveite-ofertas-antecipadas-do-prime-day-em-itens-para-casa-papelaria-e-muito-mais/
280996e4-d97a-425e-a0f9-c9d2e5f5c3e4, https://gizmodo.uol.com.br/tecnologia/jogos/playstation-5/
9786238e-066f-4e8b-9c86-fc418ad6a03d, https://gizmodo.uol.com.br/tag/extraterrestre/
32645ad8-5a53-4983-8a53-669ca673702b, https://gizmodo.uol.com.br/punkspider-programa-hackear-sites/
c9626370-1853-42be-95bd-0744e6272101, https://gizmodo.uol.com.br/fbi-celulares-anom-venda-internet/
aefa9baa-295a-49b3-b345-0f934e5126c1, https://gizmodo.uol.com.br/spotify-aumenta-preco-do-premium-no-brasil-e-cria-miniplayer-com-facebook/
fecaa3a8-5304-43d6-8641-0106cee9101e, https://gizmodo.uol.com.br/tag/ovinis/
db35d633-3cf4-409b-84fe-ee8c495d0b90, https://gizmodo.uol.com.br/tag/american-horror-story/
9ed7013b-db66-46eb-9808-d3517bfceb4b, https://gizmodo.uol.com.br/author/laura-castanho/
312fdd4c-f250-4686-a9bd-734153993f3c, https://gizmodo.uol.com.br/fotografia/
278d9555-4af2-4f03-ac7c-3a38525f21f1, https://gizmodo.uol.com.br/google-adia-bloqueio-cookies-terceiros-2023/
fe962480-4a33-428f-a54d-834e23901969, https://gizmodo.uol.com.br/tag/jupiter/
3d9aac3d-9ce9-4e53-9bcc-a7784bd0e26d, https://gizmodo.uol.com.br/99-dos-americanos-que-morreram-de-covid-19-nao-foram-totalmente-vacinados/
2c1346ab-bf18-42b0-ac6f-6ecdb26dcbdd, https://gizmodo.uol.com.br/o-que-havera-de-novo-nos-medicamentos-de-2030/
d54a2ffa-0b58-4c7a-b817-f7e32b055c37, https://gizmodo.uol.com.br/tag/amazon-fire-tv-stick/
807135cc-7222-4276-b2ac-80c549bb4ea4, https://gizmodo.uol.com.br/tecnologia/apple/
6859f17a-8cae-44bd-bb27-c77d2aa4b331, https://gizmodo.uol.com.br/youtube-baba-eletronica-criancas/
b6107b37-b408-4c9f-a4bb-8f93255e2be1, https://gizmodo.uol.com.br/author/beatriz-lourenco/
fc3846b8-0305-488d-ac37-fc471f5af991, https://gizmodo.uol.com.br/tag/batman/
1d18a84e-6810-4080-b957-47051d55db24, https://gizmodo.uol.com.br/what-if-marvel-trailer-1/
d237666b-bbc1-4952-98ed-b5652a08bcd3, https://gizmodo.uol.com.br/author/caio-carvalho/page/2/
b4c4ef51-9f1c-42fa-a2b2-80eb17fa3136, https://gizmodo.uol.com.br/trailer-de-settlers-conta-os-misterios-de-uma-colonia-marciana/
40958f6c-4048-485e-b4a0-fcdd83de8d58, https://gizmodo.uol.com.br/mande-sua-dica/
85c3ffb8-63c0-4ee1-8701-05a05d7b5736, https://gizmodo.uol.com.br/ofertas-de-acessorios-de-eletronicos-por-ate-r-50-na-amazon/
4b2158b1-96ac-4fc1-a7aa-a3fd16be15d4, https://gizmodo.uol.com.br/michael-b-jordan-minisserie-superman-hbo-max/
3f9bb910-ddc8-4011-bad6-16e6562f4b0a, https://gizmodo.uol.com.br/projeto-galileo-ira-buscar-tecnologias-alienigenas-no-sistema-solar/
a62d5857-7f68-47f1-9294-b1245455cdf2, https://gizmodo.uol.com.br/tag/destaques/page/3/
ea65aac5-99fe-41ab-a0db-690273d88cdb, https://gizmodo.uol.com.br/espaco/page/2/
ba48a5a8-a642-43f9-bab8-ca986bb69e00, https://gizmodo.uol.com.br/page/5277/
4878171b-77f8-4c3d-8f9f-f2a69b3185c0, https://gizmodo.uol.com.br/o-que-deve-saber-wi-fi-6/
e26363f8-f9db-4e77-9e4e-6aa1f8e47d25, https://gizmodo.uol.com.br/3-jogos-em-promocao-no-playstation-nba-2k21-fifa-21-e-mafia-trilogy/
e9b145ab-aa3f-4099-949d-8a9997a3b8b2, https://gizmodo.uol.com.br/tag/smartphones/
41600df6-9acc-41bc-a5e0-fb526ea48b0f, https://gizmodo.uol.com.br/funcionarios-da-blizzard-assinam-carta-a-lideres-da-empresa-comentando-acao-judicial/
a6ec196d-3b96-4902-9282-113f9ac0e93a, https://gizmodo.uol.com.br/motorola-moto-g10-power-preco-lancamento-india/
520aabad-dc6c-4175-a0c0-86ed6234ea94, https://gizmodo.uol.com.br/author/allan-camilo/
48f7c2ef-8b35-46ef-9d10-0d0f2bda7b89, https://gizmodo.uol.com.br/nasa-spacex-contrato-missao-lua-europa-jupiter/
d9767547-7e68-418e-b074-c5b641af6e78, https://gizmodo.uol.com.br/author/shoshana-wodinsky/
a0f4e824-5d94-4752-8f8c-ca1e6af668fa, https://gizmodo.uol.com.br/motorola-moto-g10-moto-g30-moto-g100-tudo-sobre/
162b85da-a3d2-4568-a4b0-04dbb1f8ea84, https://gizmodo.uol.com.br/chromecast-o-que-e/
aad3f795-cb85-42a8-bb06-a1f99e4c1d76, https://gizmodo.uol.com.br/author/isaac-schultz/
7f7536a6-b8e0-4ea3-9ade-ef6a8f9bac34, https://gizmodo.uol.com.br/tag/ofertas-de-livros/
33932f70-ad19-449c-b6fc-0faae22c9b6c, https://gizmodo.uol.com.br/quem-tem-a-melhor-camera-huawei-p30-pro-vs-iphone-xs-max-vs-galaxy-s10/
8612a0f3-d0ec-43c3-99c1-5a3384f65b8e, https://gizmodo.uol.com.br/nintendo-switch-entenda-o-problema-de-drift-dos-joy-con-e-saiba-como-resolver/
666907c0-08c9-478d-8a6c-75f5b3d4991a, https://gizmodo.uol.com.br/sao-paulo-antecipa-vacinacao-e-amplia-funcionamento-do-comercio-em-agosto/
e1b8a323-b877-4610-ac74-fb91f15c7549, https://gizmodo.uol.com.br/tag/prime-day/
a9f43076-e88b-4819-b7fb-f20fa0093d6f, https://gizmodo.uol.com.br/sem-categoria/
1d1450be-f5d6-45b5-ae8a-d6a14e9e538e, https://gizmodo.uol.com.br/star-wars-the-high-republic-sdcc/
271719f7-0410-4b86-a3b2-18c5dc284729, https://gizmodo.uol.com.br/viuva-negra-bilheteria-julho/
bc99175f-83fa-47a7-b9eb-bf67e81c26f8, https://gizmodo.uol.com.br/tecnologia/eletronicos/page/2/
a8c9c91c-fcb2-4bc6-a68b-ee7047841a9f, https://gizmodo.uol.com.br/como-descobrir-sites-aplicativos-viciado/
52e51f31-f4c6-4297-98af-1de34b061afc, https://gizmodo.uol.com.br/tecnologia/jogos/page/3/
b6bb2f6d-2ef4-4c7f-958e-547e6c15db55, https://gizmodo.uol.com.br/ofertas/page/17/
be918d41-468e-4696-bb6e-842b51e51f4e, https://gizmodo.uol.com.br/pandemia-quebrou-inteligencia-artificial/
4bc7aece-debc-4c59-93fa-3e96092fe942, https://gizmodo.uol.com.br/author/kaluanbernardo/page/4/
0a8fb81f-5551-4d73-b6ff-de90d5e86bf9, https://gizmodo.uol.com.br/tecnologia/jogos/page/2/
e1a29e0b-e527-4e37-bb1e-4b4376d0ef20, https://gizmodo.uol.com.br/tag/vacinas/
2610ccfc-2ba1-4970-8214-00492231e052, https://gizmodo.uol.com.br/cursos-criativos-com-descontos-confira-as-promocoes-da-domestika/
550b24cd-276e-481b-9b8b-c3cde5981de3, https://gizmodo.uol.com.br/alienigenas-de-1-715-estrelas-poderiam-ter-visto-a-terra-nos-ultimos-5-mil-anos-sugere-estudo/
0c951f00-8160-4d94-bae5-b816aadf577b, https://gizmodo.uol.com.br/tag/ofertas-do-dia/
4f794196-fe83-4bc8-a946-7a0bdca4c262, https://gizmodo.uol.com.br/ei-gamer-confira-essas-ofertas-que-sao-perfeitas-para-quem-ama-jogar/
e7cadd68-9430-46fe-a158-85628938acf5, https://gizmodo.uol.com.br/confira-as-primeiras-fotos-de-ganimedes-maior-lua-de-jupiter-feitas-pela-sonda-juno-da-nasa/
f177153c-0516-4df7-acd2-78417d1eb9d3, https://gizmodo.uol.com.br/empresa-esta-criando-orelhas-de-gatos-que-se-movem-por-ondas-cerebrais/
a3a27f9a-61e4-47ac-9da5-3efd3afdce06, https://gizmodo.uol.com.br/trailer-de-ghostbusters-mais-alem-mostra-elenco-de-peso/
62198f0f-3df5-4b70-af65-7a4ab6378f2a, https://gizmodo.uol.com.br/author/alessandro-junior/
dad51894-fb80-445d-bed6-94adf5f5dcaa, https://gizmodo.uol.com.br/criador-dogecoin-criptomoeda-farsa/
97cfe6fe-4f11-4bc1-87da-19e4fcdf239a, https://gizmodo.uol.com.br/author/george-dvorsky/page/128/
f857ba99-15b1-4e56-a144-62e199346e13, https://gizmodo.uol.com.br/assista-ao-trailer-de-mad-god-animacao-que-demorou-30-anos-para-ser-concluida/
1eec979a-906a-4745-9963-1a0d764a914f, https://gizmodo.uol.com.br/tag/vestibular/
7f17a0c8-365f-4cf4-8bd6-07105e831029, https://gizmodo.uol.com.br/apple-escassez-chips-iphone-13-ipads/
34de0184-2ce8-404d-ab76-06fd0ab32a2a, https://gizmodo.uol.com.br/tag/playstation-4/
91f11a3a-b441-4765-b88e-b943cab17abd, https://gizmodo.uol.com.br/ofertas/page/3/
20d8f671-9abe-4aea-8271-ef66de956329, https://gizmodo.uol.com.br/gizmodo/
36a6881c-66e4-4d46-bef9-921676f317b2, https://gizmodo.uol.com.br/author/george-dvorsky/
0c5e810d-5dc8-4b5b-8498-4551c7eb8d40, https://gizmodo.uol.com.br/ciencia/page/3/
11a00c23-b388-44eb-9da6-0031da23fd7a, https://gizmodo.uol.com.br/hubble-novas-fotos-galaxias/
32d244c0-b208-4a25-8033-8661623f1896, https://gizmodo.uol.com.br/domestika-days-aproveite-uma-semana-para-se-inspirar-e-criar/
e247cb91-622c-4cb3-92f8-cc986157b307, https://gizmodo.uol.com.br/tecnologia/ciberseguranca/privacidade/
fbc73b16-621c-4426-87bb-a248286e06bc, https://gizmodo.uol.com.br/author/james-whitbrook/page/4/
d7cfc2cd-b2a7-45a4-8114-9f15f119987f, https://gizmodo.uol.com.br/sem-categoria/page/5/
91e68571-f433-4be2-8b47-17b02ae860c6, https://gizmodo.uol.com.br/
62ff205e-6118-4256-aec6-76e3c17be7a5, https://gizmodo.uol.com.br/tecnologia/review/
9f52cb19-9833-404a-adba-1dc0f7dda204, https://gizmodo.uol.com.br/lancamentos-disney-plus-dezembro-2020/
79cb67f3-fae7-4670-9a3d-6cacc84b2f95, https://gizmodo.uol.com.br/curiosidades/cultura/page/3/
ef81172d-5c92-4469-806c-74c6f7d664f2, https://gizmodo.uol.com.br/cyberpunk-2077-ganha-atualizacao-de-30-gb-e-a-ultima-antes-de-voltar-para-a-playstation-store/
170a3364-634e-4d2e-ac9e-5a119f874df7, https://gizmodo.uol.com.br/o-fim-do-ipod/
4923523b-afd6-4526-9142-bcc18a82f05d, https://gizmodo.uol.com.br/elon-musk-nao-pagou-nada-em-imposto-de-renda-em-2018/
24f0d9bd-7892-4c0c-8eba-0951503fd6fa, https://gizmodo.uol.com.br/como-proteger-o-seu-celular-antes-de-ir-a-um-protesto/
568352a9-52bb-44f5-98e7-31d3b2d3f4ff, https://gizmodo.uol.com.br/author/caio-carvalho/page/3/
d9d96b5b-df56-41cd-84d0-7c5fdfac4680, https://gizmodo.uol.com.br/author/victoria-song/page/3/
602d30b2-511d-4e86-9443-6c43dce31bed, https://gizmodo.uol.com.br/microsoft-cria-conceito-de-xbox-series-s-portatil-com-monitor-em-uma-mala-de-viagem/
a9e7c2ba-d7d2-4105-81e1-ab0ec9d79e0b, https://gizmodo.uol.com.br/author/david-nield/
6fd72c55-016b-48ae-8bbb-d43014e577ca, https://gizmodo.uol.com.br/promocoes-antecipadas-do-prime-day-24-horas-de-ofertas-exclusivas/
92075558-3c32-41dd-a8f5-735234558413, https://gizmodo.uol.com.br/tecnologia/inteligencia-artificial/
b76a69de-5c91-4914-872e-e4dc385d0c19, https://gizmodo.uol.com.br/uso-alto-falantes-inteligentes-echo-amazon/
f4ef89c1-94f0-49e5-b226-5830070e341b, https://gizmodo.uol.com.br/hmd-global-nokia-xr20-smartphone-resistente/
48d069eb-a56e-485f-b7e9-3bdd4f90e50a, https://gizmodo.uol.com.br/author/allan-camilo/page/8/
a99eeed2-a9c0-417c-b796-8c5977246f7a, https://gizmodo.uol.com.br/author/cheryl-eddy/page/2/
f8595705-345e-4b47-afa9-cca5ce49dcee, https://gizmodo.uol.com.br/astronautas-china-primeira-caminhada-espacial/
95f68c12-6b19-420d-9aad-4806a106ae47, https://gizmodo.uol.com.br/maligno-primeiro-trailer-warner-bros/
bcfc33bc-4a73-4355-a583-e023c2d09a20, https://gizmodo.uol.com.br/apple-lanca-ipad-pro-air-tags-brasil/
6f57e7b4-66e7-4a3a-8bd2-aa9f2256d08e, https://gizmodo.uol.com.br/semana-das-super-ofertas-no-aliexpress-confira-produtos-com-ate-99-de-desconto/
64f20548-58e6-4ad3-b287-3f89ced33cf9, https://gizmodo.uol.com.br/8-cursos-de-pos-graduacao-na-area-de-tecnologia-para-fazer-em-8-meses/
9bc6837b-e529-4bee-bc6e-29dce6b97474, https://gizmodo.uol.com.br/o-novo-trailer-de-eternos-e-tudo-o-que-voce-precisava-para-entrar-no-hype-da-marvel/
64854bf1-cbdf-46b7-be25-c47aea81e5a8, https://gizmodo.uol.com.br/comissao-processa-amazon-vender-produtos-perigosos/
e8aec061-64c8-4cee-82aa-0874ba084139, https://gizmodo.uol.com.br/em-novo-trailer-de-007-sem-tempo-para-morrer-daniel-craig-da-adeus-a-papel/
0c0583cc-9e9c-45c8-b6af-5f88364f4943, https://gizmodo.uol.com.br/tag/luz/
229e1b88-4cfc-45cc-9ebe-1731f3422c07, https://gizmodo.uol.com.br/alienigenas-e-monstros-aparecem-em-trailer-da-nova-temporada-de-american-horror-story/
1f67bbf4-f7a6-40ff-bb7f-a9477a3f3704, https://gizmodo.uol.com.br/filmes-leves-no-disney-plus/
79ade4a3-37be-41af-9fdb-28629ad96a25, https://gizmodo.uol.com.br/sonda-insight-nasa-sismometro-interior-marte/
8c0b8990-8d73-417e-87a7-1bf0369eabce, https://gizmodo.uol.com.br/tag/mad-god/
cb5296c0-8520-4f58-acf9-535ad43a3d45, https://gizmodo.uol.com.br/page/5275/
92d06400-8761-46d1-8a73-bdb26db70ac1, https://gizmodo.uol.com.br/page/2/
b9af9129-98fd-4715-b0cd-fa863da92837, https://gizmodo.uol.com.br/fones-ouvido-sony-vendas-brasil-multilaser/
74fd8a01-e327-4ab3-925a-e97b5fe90667, https://gizmodo.uol.com.br/curiosidades/cultura/page/102/
66fef3ed-4769-43e3-afdb-1825fce9c0e5, https://gizmodo.uol.com.br/google-facebook-funcionarios-vacinacao/
1467b818-630a-41b1-8212-9a924589a5c9, https://gizmodo.uol.com.br/tecnologia/dicas/
e9ba1aa0-04c7-436d-b30c-94bf37860e29, https://gizmodo.uol.com.br/google-pagar-sites-noticias-paywall/
639cfaf0-0082-4105-8373-229a42ab8d49, https://gizmodo.uol.com.br/tag/playstation-5/
37734960-a292-4fc2-b840-6a8c61046cf6, https://gizmodo.uol.com.br/r6-rocksmit-riders-republic-just-dance-mariorabbids-far-cry-avatar-e-mais-todas-as-novidades-da-ubisoft-na-e3/
86d45362-6440-4b92-89bd-61d833698175, https://gizmodo.uol.com.br/tag/hot-wheels/
56fa61a0-821f-4066-8167-2875e8a3260b, https://gizmodo.uol.com.br/cnpq-lattes-fora-do-ar/
92cd30cb-52a5-4f9e-9990-ad0f2b4031b6, https://gizmodo.uol.com.br/no-diva-por-que-tantos-filmes-e-series-questionam-a-bondade-dos-super-herois/
25953a66-bcf3-4e9d-8bd7-833f1eeb7887, https://gizmodo.uol.com.br/batgirl-filme-leslie-grace/
6d82471f-ed04-4e79-bf7b-972cbbc6c16d, https://gizmodo.uol.com.br/voila-ai-artist-app-privacidade/
ab8ffb5a-99bc-458a-91e5-983944c05445, https://gizmodo.uol.com.br/blackberry-bold-no-brasil-esperando-malas-na-esteira-do-aeroporto/
761a7334-066b-4588-a4e5-7012fc20f1fc, https://gizmodo.uol.com.br/google-nest-audio-e-echo-dot-sao-assistentes-poderosos-mas-frustram-quem-espera-demais/
9d0398ed-a9b7-4f5e-829a-74add8167b59, https://gizmodo.uol.com.br/tecnologia/jogos/page/214/
4686ab63-ebd4-4b4b-ae0f-d9edae75c8b7, https://gizmodo.uol.com.br/10-viloes-da-disney-que-precisam-de-spin-offs-no-estilo-de-cruella/
b5698ea5-8ae2-42c5-b19e-6254e850a70d, https://gizmodo.uol.com.br/tag/jogo/
18af7c9e-ab4c-4ec2-8d0e-364522754726, https://gizmodo.uol.com.br/como-usar-os-widgets-no-ios-14/
9024e0e5-d0bb-4956-b09f-c0662eef49d9, https://gizmodo.uol.com.br/promocoes-jogos-xbox-25-07-2021/
fb41b5d2-56b5-4c77-ae4c-e545e0f7b889, https://gizmodo.uol.com.br/tag/motorola/
ed7c2fa0-dbfb-4efe-a9c9-2748738ce66b, https://gizmodo.uol.com.br/pokemon-tera-dois-remakes-de-jogos-classicos-e-um-action-rpg/
905db516-ce16-4ecf-9d8b-4598f9bc62bc, https://gizmodo.uol.com.br/projeto-de-conservacao-salva-diabos-da-tasmania-da-extincao-mas-eles-acabaram-com-matar-pinguins/
0b69b144-c48a-4e49-b675-81846cf07544, https://gizmodo.uol.com.br/quais-os-interesses-de-bolsonaro-para-barrar-os-repasses-de-conectividade-na-educacao-basica/
d703dd52-4a7b-4ffd-9cbd-fca9f583a03c, https://gizmodo.uol.com.br/cyberpunk-2077-meses-depois-bugs-vale-a-pena/
2e771ca9-26ee-4fe9-b5bc-273dcdbef628, https://gizmodo.uol.com.br/tecnologia/eletronicos/page/745/
7b1465e2-57ad-4205-8b58-64c463018fb4, https://gizmodo.uol.com.br/edward-snowden-financiar-spyware-cadeia/
4a8f9c06-23c2-4bfc-aaf9-8c073d2e93af, https://gizmodo.uol.com.br/tecnologia/eletronicos/page/3/
8a270e8d-2e7f-4f4f-8514-0b9a02aa0ea7, https://gizmodo.uol.com.br/tag/meio-ambiente/
c675eb5f-ab41-49e8-97c3-996a1bb694e2, https://gizmodo.uol.com.br/tecnologia/ciberseguranca/
f47f6a05-6432-44f6-bc40-fd2f662719b1, https://gizmodo.uol.com.br/configurar-windows-10-impedir-atualizacao-sem-permissao/
789f6674-a6f6-433f-8b31-044c1f420aa4, https://gizmodo.uol.com.br/dubai-drones-chuvas-artificiais/
aa1bff6d-8963-47ce-bbf3-69271acf56bc, https://gizmodo.uol.com.br/author/caio-carvalho/
64229365-5922-4b58-bfa1-2f8d7f3cc0fa, https://gizmodo.uol.com.br/tag/video-games/
fcfb6d2b-d83c-4f8b-b86a-016cee1e62ab, https://gizmodo.uol.com.br/author/george-dvorsky/page/3/
8d845a61-e1d8-4374-8063-d33faeddf66c, https://gizmodo.uol.com.br/tecnologia/dicas/page/31/
84939127-b329-4ec7-86e4-0775a83ee124, https://gizmodo.uol.com.br/por-que-as-producoes-asiaticas-crescem-na-netflix-brasileira/
f13dc44d-715f-4816-9f1d-95c53608c9ae, https://gizmodo.uol.com.br/novo-teaser-de-shang-chi-e-carregado-de-acao-mitologia-e-artes-marciais/
20e43319-44fa-4efc-a3ae-7b0b240ead69, https://gizmodo.uol.com.br/anuncie-aqui/
8af63800-aaab-4a31-a04d-4661136095f2, https://gizmodo.uol.com.br/ofertas/page/2/
1ec3c8c5-eb47-48e9-bd5a-589a7e58f647, https://gizmodo.uol.com.br/combo-conhecimento-vagas-de-tecnologia-conheca-as-vantagens-de-fazer-um-bootcamp-no-igti/
81a41f51-3c84-4f1a-8e0d-fae1b4571767, https://gizmodo.uol.com.br/nao-vacile-saiba-como-ativar-a-autenticacao-de-dois-fatores-no-zoom/
a74052cd-1843-4042-9c2a-cbc4393c37ee, https://gizmodo.uol.com.br/tag/animacao/
36835352-80b8-4746-bb5d-378c0bf2e654, https://gizmodo.uol.com.br/christine-bryan-fuller-trara-de-volta-o-carro-assassino-de-stephen-king/
e17894b6-c13a-42f9-ba76-8deb33355760, https://gizmodo.uol.com.br/modulos-russo-pirs-iss/
96dd62c7-ff9d-4660-a150-ecc61b692e61, https://gizmodo.uol.com.br/tecnologia/review/page/2/
212bff40-1bd7-4fa5-b8a3-877423bc34ce, https://gizmodo.uol.com.br/em-uma-corrida-de-drones-um-drone-autonomo-venceu-piloto-humano/
5a88a92e-7677-4521-a6fe-1560bd174e0b, https://gizmodo.uol.com.br/author/catie-keck/
3618652b-ac83-48a2-8277-28f59a86e510, https://gizmodo.uol.com.br/tag/game-pass/
c4414ec8-1180-4cc8-a98a-f1d7fff86075, https://gizmodo.uol.com.br/tag/albert-einstein/
93d8b393-c6a5-40e1-b3cc-332c797f57d9, https://gizmodo.uol.com.br/author/cheryl-eddy/
777ed631-7f26-42f5-b41c-6495a5532baa, https://gizmodo.uol.com.br/curiosidades/cultura/
f1b877b6-4d65-4501-bcaa-5beb5cb5397d, https://gizmodo.uol.com.br/como-sabemos-que-passaros-sao-realmente-dinossauros/
d5926dcf-937f-4157-b6d1-184577e06ad0, https://gizmodo.uol.com.br/tecnologia/motorola/
1f71bd56-fd0b-41b2-b1aa-d58a538bf27f, https://gizmodo.uol.com.br/blood-red-sky-da-netflix-e-basicamente-um-bando-de-vampiros-em-um-aviao/
f5fe525c-7873-4f6c-b7ac-52be7f0d0821, https://gizmodo.uol.com.br/os-melhores-cursos-de-blockchain-para-voce-fazer-na-udemy/
2ca742ca-5801-4ff1-b27a-59ab48c1970d, https://gizmodo.uol.com.br/review-mythic-quest-2-temporada-critica/
5f8c4f5b-0990-442c-8d86-e265d1bb59d7, https://gizmodo.uol.com.br/author/kaluanbernardo/page/2/
5f032a3f-1581-4d0b-805f-395b9c1e304c, https://gizmodo.uol.com.br/tag/terror/
4f9c50d5-1057-447c-a7e6-376eb38f66a1, https://gizmodo.uol.com.br/author/caio-carvalho/page/50/
86df18a0-37cc-42fc-98d0-1ba6ff5a63b4, https://gizmodo.uol.com.br/author/guilherme/
5aaa8c57-d13b-4d48-a5be-e32911458111, https://gizmodo.uol.com.br/ofertas/educacao/page/2/
f3a4035f-f5ac-4324-a6d4-71d5859d4ea3, https://gizmodo.uol.com.br/review-fone-ouvido-sennheiser-hd-250bt/
665f68dd-61ee-40e3-9a4a-6c2aabb7ac2a, https://gizmodo.uol.com.br/ippawards-2021-melhores-fotos-iphone/
bab9e638-2b90-4115-b2cb-4f58e77073ad, https://gizmodo.uol.com.br/viuva-negra-personagem-falcao-soldado-invernal-pandemia/
a298c0ff-6b62-4919-8537-415eb69d6fa4, https://gizmodo.uol.com.br/batmovel-e-delorean-farao-parte-do-game-hot-wheels-unleashed/
02d33ab2-ac07-46b4-8fbd-c98d1393f12b, https://gizmodo.uol.com.br/review-trilogia-rua-do-medo-netflix-critica/
8b9c7cdc-a840-46cd-a5ac-4415361b761e, https://gizmodo.uol.com.br/espaco/
cb32b0b5-164b-4a89-b282-b6eb3d077ca6, https://gizmodo.uol.com.br/ofertas/educacao/page/3/
427be8a9-7b9c-4e3b-95b6-43398277ba3f, https://gizmodo.uol.com.br/tag/ofertas-amazon/
19542bd0-c3c4-4b66-a756-0503b4e533ed, https://gizmodo.uol.com.br/dia-do-cantor-cursos-na-udemy-com-ate-86-de-desconto-para-quem-quer-aprender-essa-arte/
156f2440-5668-4da0-90df-407027bdfdf0, https://gizmodo.uol.com.br/tag/melhores-ofertas/
a033b8f1-2967-4a4a-b2ae-c5c7337cba61, https://gizmodo.uol.com.br/author/ricardo-ampudia/
e4d27164-6eea-4006-8436-cf73358c4cd3, https://gizmodo.uol.com.br/expediente/
5e1c2354-c8ee-4232-8e1e-d9762c8a6b01, https://gizmodo.uol.com.br/3-games-em-promocao-nioh-outlast-2-e-assassins-creed-odyssey/
b0755aa7-9e6c-441b-999f-9309b2fb01b5, https://gizmodo.uol.com.br/xbox-revela-11-biomas-de-forza-horizon-5-que-promete-ser-o-maior-da-franquia/
1689f75c-a9bb-4a74-b466-8bc54936de84, https://gizmodo.uol.com.br/tag/ganimedes/
9d3c9cc5-17d6-4a52-b23c-7138ae55abde, https://gizmodo.uol.com.br/tag/destaques/page/12/
2510848e-64c4-45b4-804f-8063428b3085, https://gizmodo.uol.com.br/author/victoria-song/page/2/
4179e329-a41e-4117-8740-9e96451430e1, https://gizmodo.uol.com.br/the-last-of-us-serie-hbo-dubladores/
b092cb4a-a553-4258-8188-b15ae5386c53, https://gizmodo.uol.com.br/tag/poluicao/
9aec346f-5033-4a8e-861c-f8bd0f7c2504, https://gizmodo.uol.com.br/tag/serie/
fb5710d7-c62f-423e-a76b-73ced996be7c, https://gizmodo.uol.com.br/author/jody-serrano/
6970089b-d1a2-4708-ba53-b2f855ec27e5, https://gizmodo.uol.com.br/tag/amazon-kindle/
e32f1394-11fb-44a9-b9f4-39f0b954e8bc, https://gizmodo.uol.com.br/author/kaluanbernardo/
c2da3ad8-44db-4b1d-a583-6e1419d20741, https://gizmodo.uol.com.br/tecnologia/dicas/page/2/
1459114b-4538-4a39-ab51-f41924f0e624, https://gizmodo.uol.com.br/tecnologia/google/android/
ac1b799c-3f03-415d-b19c-a90aba9c3c78, https://gizmodo.uol.com.br/tag/playstation/
8248ed4d-fa1e-4765-9d2b-1c452311a7c6, https://gizmodo.uol.com.br/tag/saude/
0ca0fd8e-a03d-4942-8470-9322fbc3583b, https://gizmodo.uol.com.br/author/george-dvorsky/page/2/
b72b1179-6870-43aa-b9fe-91e793a36f3a, https://gizmodo.uol.com.br/author/kashmir-hill/
5a51d7e8-5996-4c80-9287-f531528599f0, https://gizmodo.uol.com.br/educacao-completa-na-area-de-ti-conheca-as-trilhas-de-especializacao-do-igti/
2533d8ba-695a-45d1-8fd3-c78bac664497, https://gizmodo.uol.com.br/pela-primeira-vez-astronomos-conseguem-observar-a-formacao-de-uma-lua/
20129fd4-6923-40c2-9e5f-e438ff23ab90, https://gizmodo.uol.com.br/cientistas-encontram-vapor-de-agua-na-lua-de-jupiter/
0f1e9d0a-ed81-4ca9-9981-9e789e3361c8, https://gizmodo.uol.com.br/author/isaac-schultz/page/11/
3025a33e-6e69-490b-8f8a-810bbe847449, https://gizmodo.uol.com.br/series-maratonar-disney-plus/
8b5d0ae6-1506-40fe-b4b0-bcf28a7d1dda, https://gizmodo.uol.com.br/3-aplicativos-para-te-ajudar-na-cozinha-listonic-cmc-e-tudo-gostoso/
d1fe37b1-4947-46be-aeba-9eac8f1d2cde, https://gizmodo.uol.com.br/bebes-geneticamente-modificados-oms/
28593a26-38d2-4651-a830-efe72e4a85ae, https://gizmodo.uol.com.br/funcionarios-da-amazon-querem-empresa-que-zere-sua-poluicao-ate-2030/
624c8cd8-73ea-4b44-81ba-0b0ed33afe16, https://gizmodo.uol.com.br/tecnologia/aplicativos/
b21cd657-a466-4f69-b26f-06c6f25029cb, https://gizmodo.uol.com.br/giz-indica/
d3aee210-2408-424d-87e8-1ff6bad948e5, https://gizmodo.uol.com.br/author/kalew/
150c456f-ef0b-47b3-bdca-03121c097230, https://gizmodo.uol.com.br/algumas-pessos-dos-grupos-de-risco-poderao-precisar-de-reforco-da-vacina-da-covid-19-em-breve/
2dbaa679-571b-4f69-9426-665709b51490, https://gizmodo.uol.com.br/tag/disney/
d85c1601-6cbd-4406-9138-078a61a0501c, https://gizmodo.uol.com.br/tag/facebook/
249bfa4a-8d8c-4137-aaca-279ae7a454b4, https://gizmodo.uol.com.br/tag/sony/
fe278472-e240-4b5c-8d72-4d598c1f0b61, https://gizmodo.uol.com.br/tinta-mais-ou-menos-infinita/
ac44d6ad-b0b3-4a6d-841a-b036b9d7d184, https://gizmodo.uol.com.br/locke-confira-as-primeiras-imagens/
8d7e4fb6-d269-456a-b2a2-bace78366dea, https://gizmodo.uol.com.br/espaco/page/3/
bd359eb2-eb8f-431f-b11f-e22121985d8a, https://gizmodo.uol.com.br/entrevista-orkut-rede-social-facebook/
9d793ad3-765a-4bca-9093-cf96f5ad2af7, https://gizmodo.uol.com.br/agora-ficou-mais-facil-baixar-aplicativos-no-wear-os/
5864d519-55de-4e49-a663-7bb91d40c027, https://gizmodo.uol.com.br/tag/amazon-prime/
32991acc-bd53-43cb-852f-ce8781aa12a9, https://gizmodo.uol.com.br/apple-iphone-mini-apostar-se-5g-pro-max/
5f4546ee-3032-4c48-a0bf-0d62a8f23869, https://gizmodo.uol.com.br/tag/amazon/
28172fb2-5ba9-45c9-8f7c-5293b2f99097, https://gizmodo.uol.com.br/critica-sem-spoiler-resident-evil-no-escuro-absoluto-mostra-o-melhor-e-o-pior-da-franquia/
aef49d45-8d4a-4972-8597-19db40242d13, https://gizmodo.uol.com.br/review-mouse-logitech-g-pro-x-superlight/
122e517e-aacc-41f9-aaaa-bb0f33e5dbc0, https://gizmodo.uol.com.br/author/brian-kahn/
dff668ba-118b-49cc-95f2-9ae912d54c1e, https://gizmodo.uol.com.br/the-witcher-henry-cavill-entrevista-2-temporada/
26a024d4-d75d-4b98-b482-74e948cbbcb3, https://gizmodo.uol.com.br/paises-latinos-assinam-acordo-para-criar-uma-nova-agencia-espacial-brasil-esta-de-fora/
6f3714c2-a1cc-4eb4-ba4e-d41981f5812c, https://gizmodo.uol.com.br/tag/amazon-echo/
5f5a44d0-446b-4fe0-8c6b-18e9322c01bc, https://gizmodo.uol.com.br/author/beatriz-lourenco/page/8/
f4059000-c705-4f28-a04d-253f54b0b65f, https://gizmodo.uol.com.br/google-atualiza-drive-youtube-proteger-arquivos/
5a950ccb-508c-47a7-b0b8-30ee71d9280c, https://gizmodo.uol.com.br/author/kaluanbernardo/page/3/
0f0725c3-7112-422d-8530-1e440af41941, https://gizmodo.uol.com.br/tag/destaques/page/2/
8ac9b8d8-757b-4a49-a856-44816718e662, https://gizmodo.uol.com.br/genomas-da-cannabis-sugerem-que-planta-surgiu-no-noroeste-da-china/
91480101-263a-4ce5-a02e-884735e44c11, https://gizmodo.uol.com.br/conhecido-como-caloteiro-em-assuntos-espaciais-brasil-quer-se-provar-em-viagem-a-lua/
e247d890-bf8e-4cc3-87f0-c48626b84ccb, https://gizmodo.uol.com.br/waze-rotas-versao-web-sincronizar-smartphone/
4fdedee0-087c-4ab1-8c89-357d28324dfd, https://gizmodo.uol.com.br/tag/days-of-play/
5701bbfa-67cf-4b64-bc6e-6ae3335688c4, https://gizmodo.uol.com.br/jeff-bezos-blue-origin-contrato-nasa-lua/
f95c886b-3ac4-46fd-88fa-37d1d2152a86, https://gizmodo.uol.com.br/ex-presidente-da-playstation-critica-game-pass-e-lamenta-por-desenvolvedores-independentes/
8ec3c49d-fcd3-4e42-8e06-3e3f6348aca2, https://gizmodo.uol.com.br/google-wear-os-aparelhos-compativeis/
d10ebe6f-1375-489d-9390-bcd9b8d380f8, https://gizmodo.uol.com.br/nerdolas-sentem-falta-de-he-man-em-mestres-do-universo-e-produtor-pede-que-crescam/
e7eafdbd-6252-4683-931b-049c6d82d963, https://gizmodo.uol.com.br/tag/giz-ofertas/
547d6618-cf21-403c-91e2-160ed603b318, https://gizmodo.uol.com.br/author/beatriz-lourenco/page/2/
6e8b5237-4c0f-4c78-9150-983e1debd115, https://gizmodo.uol.com.br/o-novo-normal-pos-pandemia-fobias-sociais-para-todos-os-lados/
9996b59b-ec69-47a1-b5ae-b623c2f1e181, https://gizmodo.uol.com.br/tecnologia/streaming/netflix/
84566717-5730-4882-82f4-dac20cecfe79, https://gizmodo.uol.com.br/tecnologia/review/page/34/
c761a713-435b-48c2-9f2d-e4c5f24df9a8, https://gizmodo.uol.com.br/ciencia/saude/
57325940-6345-4066-b7f2-1a19ba0e7901, https://gizmodo.uol.com.br/author/allan-camilo/page/2/
506b3563-08b4-4f39-93b8-58828c9a7029, https://gizmodo.uol.com.br/meninas-e-mulheres-na-ciencia-e-tecnologia/
dc8b0951-7722-4da2-8f29-bd8599d1cb75, https://gizmodo.uol.com.br/star-wars-visions-saga-skywalker/
c259b917-fb9c-4c23-b67b-5793d7cf20f5, https://gizmodo.uol.com.br/tag/shang-chi/
67c39769-d778-46a9-a0b1-4eee8e50d09d, https://gizmodo.uol.com.br/erro-mapa-eletronicos-roubados/
feac9cf1-d080-41d7-b655-0f1291f8295d, https://gizmodo.uol.com.br/author/equipeeditorial/
62274ff6-80df-4d9a-8d69-eaf78d72aa40, https://gizmodo.uol.com.br/conheca-a-bitniks/
609d42ce-3525-4b9c-99c2-9de252185646, https://gizmodo.uol.com.br/author/redacao/
a4119661-2114-4e27-981c-194c1dbe9aaf, https://gizmodo.uol.com.br/viuva-negra-e-um-spin-off-que-chegou-tarde-demais-critica-sem-spoilers/
7ac4aff2-80e2-42f2-9d37-c7365efc1ab1, https://gizmodo.uol.com.br/author/isaac-schultz/page/3/
c6c924df-faa4-4da5-a62f-0573725bac22, https://gizmodo.uol.com.br/acoes-google-chrome/
7cd9f10f-a81f-40d8-9363-0c9ed83e089e, https://gizmodo.uol.com.br/tag/ofertas-da-semana/
de41f98d-8de8-4377-b92e-cab4592bd92b, https://gizmodo.uol.com.br/promocoes-da-semana-confira-as-ofertas-relampago-e-descontos-para-novos-usuarios-do-aliexpress/
4c312dc3-61ed-433c-b470-8f3f6ff40a52, https://gizmodo.uol.com.br/canada-projeto-lei-multa-discurso-odio/
3205393d-13da-4e33-9d22-55e14544b30f, https://gizmodo.uol.com.br/pela-primeira-vez-chimpanzes-estao-matando-gorilas-e-tem-a-ver-com-as-mudancas-climaticas/
f7cc7e5a-7995-4e56-85b2-39fd29658953, https://gizmodo.uol.com.br/falhas-seguranca-software-dell-milhoes-pcs/
600be380-67c9-42da-b152-b6227954ccb9, https://gizmodo.uol.com.br/author/james-whitbrook/page/2/
2e5b892d-b132-4cd1-b12c-8e7ad51103f2, https://gizmodo.uol.com.br/microfosseis-africa-sul/
2470b928-6319-455b-ab5d-29bbb9edd0c2, https://gizmodo.uol.com.br/motorola-moto-edge-20-preco-lancamento/
953df224-28c1-43fc-b223-95057c1e2c5b, https://gizmodo.uol.com.br/sem-categoria/page/3/
29fb33b1-279a-49b6-a662-f927ef5d029f, https://gizmodo.uol.com.br/author/joanna-nelius/
75b567bc-e498-4e5e-87e7-e544a90be15a, https://gizmodo.uol.com.br/apple-iphone-14-chassi-titanio-rumor/
ed3541fa-5ab5-4ce3-9d19-07f9e7701c8a, https://gizmodo.uol.com.br/tag/alienigena/
116625d0-9c7e-493f-a688-b8ad1456b1ca, https://gizmodo.uol.com.br/hmd-global-nokia-1-4-preco-lancamento/
0c33c462-7e17-4ba1-aad2-9fb4ac072349, https://gizmodo.uol.com.br/mulheres-que-trabalham-a-noite-tem-mais-riscos-de-endometriose/
df64c841-79ac-4423-8d3d-456f448ca36d, https://gizmodo.uol.com.br/tecnologia/google/
7dcd93b1-2ecc-4455-b4f9-fd4b3660fe61, https://gizmodo.uol.com.br/review-loki-serie-disney-critica/
985133f2-d715-4761-a117-228421e8921b, https://gizmodo.uol.com.br/sonda-lucy-nasa-capsula-tempo/
4879cbbf-477d-492d-9b7f-51551969422a, https://gizmodo.uol.com.br/ciencia/page/2/
0d1a1a0f-4c49-416d-9f70-759166f5d659, https://gizmodo.uol.com.br/copa-america-nova-cepa/
9b69621e-0241-4cad-bfa2-84a5b7c9e650, https://gizmodo.uol.com.br/pentagono-nao-confirma-nem-descarta-que-ovnis-avistados-sejam-naves-alienigenas/
6ba1ee85-d68b-4dc5-99e1-ca1199d343e9, https://gizmodo.uol.com.br/author/ben-dickson/
da525d47-f466-4797-b676-d46ab93cfb1b, https://gizmodo.uol.com.br/sao-paulo-sanciona-lei-que-barra-sommeliers-de-vacina/
9c88b8df-e2d1-4479-82bf-c41a98cbe1c3, https://gizmodo.uol.com.br/sim-swap-tecnica-clona-whatsapp/
b06bf66c-856f-4e3d-86f5-2a66566b18c0, https://gizmodo.uol.com.br/instagram-perfis-menores-16-anos/
04f6ef36-f574-4e43-9b4d-05c88f0bd413, https://gizmodo.uol.com.br/tag/eletronicos/
8ee6bdcb-162f-408e-ac6d-00613139325a, https://gizmodo.uol.com.br/blade-runner-black-lotus-trailer-sdcc/
f20405c3-be2f-428e-b81a-da2b0e9a756c, https://gizmodo.uol.com.br/proximos-passos-da-perseverance-rover-da-nasa-coletara-amostras-de-rochas-marcianas/
3adad56c-3a08-4565-93d8-1f242b900107, https://gizmodo.uol.com.br/stranger-things-ganhara-hq-estilo-goonies-veja-capas-e-sinopse/
b068eb64-c388-40ed-968f-6217a243213a, https://gizmodo.uol.com.br/tecnologia/jogos/
fa7dc4b0-b070-411c-9091-636a4dfa8329, https://gizmodo.uol.com.br/como-chips-no-cerebro-vao-mudar-nossa-relacao-com-as-maquinas/
eb141a5c-8df4-4dce-a034-c0b821ecba33, https://gizmodo.uol.com.br/tag/google/
8f4885c1-d8e8-4055-aae6-626286d32b91, https://gizmodo.uol.com.br/diretor-wandavision-novo-filme-star-trek/
aae9c115-4f88-438f-83cd-9b255a5bb69b, https://gizmodo.uol.com.br/o-making-of-de-loki-mostra-14-fatos-que-voce-nao-sabia-sobre-a-serie-veja-quais/
9f8012ce-6d23-47cf-80a1-ae56e7c5df84, https://gizmodo.uol.com.br/author/sam-rutherford/
